{"count":1,"self":36.2136256,"total":37.4730359,"children":{"InitializeActuators":{"count":10,"self":0.0009999,"total":0.0009999,"children":null},"InitializeSensors":{"count":10,"self":0.00099969999999999985,"total":0.00099969999999999985,"children":null},"AgentSendState":{"count":2453,"self":0.0330105,"total":0.2850145,"children":{"CollectObservations":{"count":4910,"self":0.23700459999999998,"total":0.23700459999999998,"children":null},"WriteActionMask":{"count":4910,"self":0.0029985999999999997,"total":0.0029985999999999997,"children":null},"RequestDecision":{"count":4910,"self":0.012000799999999999,"total":0.012000799999999999,"children":null}}},"DecideAction":{"count":2453,"self":0.7750931,"total":0.7750931,"children":null},"AgentAct":{"count":2453,"self":0.1953019,"total":0.1953019,"children":null}},"gauges":{"Walker.CumulativeReward":{"count":156,"max":321.674133,"min":-1.03994513,"runningAverage":28.66618,"value":0.17778194,"weightedAverage":10.8753185}},"metadata":{"timer_format_version":"0.1.0","start_time_seconds":"1713989725","unity_version":"2021.3.30f1","command_line_arguments":"D:\\Unity\\2021.3.30f1\\Editor\\Unity.exe -projectpath D:\\GitHub\\Original-Neural-Network -useHub -hubIPC -cloudEnvironment production -licensingIpc LicenseClient-Niki -hubSessionId 4e4bbd40-e59b-4381-87a1-a1908eca72c4 -accessToken xk918Osvy1th5QdLZPSbBfK5RXb_-UTjYTAL649M4kI007f","communication_protocol_version":"1.5.0","com.unity.ml-agents_version":"2.0.1","scene_name":"Walker","end_time_seconds":"1713989763"}}